<?xml version="1.0" encoding="utf-8"?>
<!-- Component definitions -->
<Components>
  <Component Name="Renderable" Type="CT_RENDERABLE" Replicated="True" Mesh="default.mesh" Scale="1.0" CastShadows="1" />

  <Component Name="Skeleton" Type="CT_SKELETON" />
  
    <!--<Parameter Name="Position" Value="0 0 0"/>
    <Parameter Name="Orientation" Value="1 0 0 0"/>
    <Position> 0 0 0 </Position>
    <Orientation> 1 0 0 0 </Orientation>
  </Component>-->

 
  <Component Name="Camera" Type="CT_CAMERA" Near="0.1" Far="10000" FOV="90" Target="" Doc="A camera to view the world."/>
  <Component Name="Compositor" Effect="" />
  <Component Name="CameraChange" Type="CT_CAMERACHANGE" Camera="DefaultCamera" />
  <Component Name="Overlay" Material="fader" />
  
  <Component Name="Placement" Type="CT_PLACEMENT" Position="0 0 0" Orientation="1 0 0 0" Doc="The location of a game object in the world."/>

  <Component Name="Script" Type="CT_SCRIPT" Script="script.lua"/>

  <Component Name="Light"
             Type="CT_LIGHT"
             LightType="Point" 
             DiffuseColor="1 1 1"
             SpecularColor="0 0 0"
             Range="1000"
             AttenuationConstant="1"
             AttenuationLinear="0"
             AttenuationQuadratic="0"
             SpotlightFalloff="1"
             SpotlightInnerAngle="45"
             SpotlightOuterAngle="90" 
			 CastShadows="0"
             Doc="A light source."
  />


  <Component Name="HoverSteering" Type="CT_SCRIPT">
    <Parameter Name="Script" Value="hover_steering.lua"/>
    <Parameter Name="Acceleration" Value="300"/>
    <Parameter Name="Speed" Value="500"/>
  </Component>

  <Component Name="CameraController" Type="CT_SCRIPT" Script="cameracontroller.lua">
    <Parameter Name="Script" Value="cameracontroller.lua" />
  </Component>

  <Component Name="Physics" Type="CT_PHYSICS">
    <Parameter Name="file" Value="default.phys"/>
  </Component>
  
  <Component Name="Body" Type="CT_BODY">
    <Parameter Name="Name" Value="BodyName"/>
    <Parameter Name="Mass" Value="1.0"/>
  </Component>

  <Component Name="Joint" Type="CT_JOINT" Joint="Hinge" Target="" Offset="0 0 0" Relative="0" Rotation="1 0 0 0" />

  <Component Name="PlayerControl" Type="CT_INPUT">
    <Parameter Name="Script" Value="input.lua"/>
  </Component>

  <Component Name="Shape" Type="CT_SHAPE" Shape="Box" Bounciness="0" Size="1 1 1" Ghost="0" CollisionGroup="Default" >
    <Parameter Name="Name" Value="ShapeName"/>
    <Parameter Name="Shape" Value="ST_RECTANGLE"/>
    <Parameter Name="Width" Value="1.0"/>
    <Parameter Name="Height" Value="1.0"/>
    <Parameter Name="Depth" Value="1.0"/>
    <Parameter Name="Radius" Value="1.0"/>
  </Component>

  <Component Name="Thrust" Type="CT_THRUST"
    Target="ObjectID"
    Force="0 1 0"
    Context="Development"
    Action="Joystick1"
  />

  <Component Name="EditorCollisionPicker" Type="CT_EDITORCOLLISIONPICKER"
  />
  <Component Name="Edit" />
    

  <Component Name="Audable" Type="CT_AUDABLE">
    <Shot Event="Collision">
      <Preset Name="Wood"/>
    </Shot>
    <Shot Event="Select">
      <Preset Name="Menu_Select"/>
    </Shot>
  </Component>

  <Preset Name="Wood">
    <Sample File="wood1.wav" Frequency="1" Loudness="1" Loop="True" LoopStart="0" LoopEnd="1" />
    <Sample File="wood1.wav" Frequency="0.8" Loudness="1" Loop="False" />
  </Preset>

  <Preset Name="Default">
    <Sample File="default.wav" />
  </Preset>

  <Component Name="ChatQueue" Type="CT_SCRIPT">
  </Component>
</Components>
