  <!-- Object definitions -->
<!--  <Object Name="StaticModel" Type="Template" Doc="StaticModel is a static visible object without any logical or physical properties.">
    <Renderable/>
    <Placement/>
  </Object>-->

  <!-- Instances -->
<!--  <Object Name="Ship76234" Type="StaticModel">
    <Renderable>
      <Mesh> ship.mesh </Mesh>
      <Scale> 5.0 </Scale>
    </Renderable>
    <Placement>
      <Position> 0, 5, 2 </Position>
      <Orientation> 0, 3, 2, 4 </Orientation>
    </Placement>
  </Object>-->

<!--
<Objects>
  <ObjectTemplate Name="Ship">
    <Component Type="Placement"/>
    <Component Type="Renderable">
      <Parameter Name="Mesh" Value="Ship.mesh"/>
    </Component>
    <Component Name="ShipBody" Type="Body">
      <Body Type="Box" Name="ShipBox">
        <Parameter Name="Weight" Value="800"/>
        <Parameter Name="Size" Value="2 2 5"/>
      </Body>
    </Component>
    <Component Type="Shape">
      <Parameter Name="Type" Value="TriMesh"/>
    </Component>
  </ObjectTemplate>
  
  <ObjectTemplate Name="Light">
    <Component Type="Placement"/>
    <Component Type="Light">
      <Parameter Name="Type" Value="PointLight"/>
    </Component>
  </ObjectTemplate>

  <Object Name="LocalShip" Base="Ship">
    <Component Type="Placement">
      <Parameter Name="Position" Value="500 50 500"/>
      <Parameter Name="Orientation" Value="1 -0.2 0.0 0.2"/>
    </Component>
  </Object>

</Objects>

-->
<Objects>
  <Object Name="Ship">
    <Placement />
    <Renderable
      Mesh="hovercar.mesh"
      Scale="1.0 1.0 1.0"
      CastShadows="1"
      />
    <Body
      Name="ShipBox"
      Shape="Box"
      Weight="800"
      Size="5 4 10"
      />
    <Light LightType="Point" CastShadows="0" Direction="0 -1 0" DiffuseColor="0.2 0.1 0.0" SpecularColor="0.2 0.1 0.0" Range="150" AttenuationConstant="0" AttenuationLinear="0.1" SpotlightInnerAngle="100" SpotlightOuterAngle="130" />
    <Shape Shape="Box" Radius="2" Length="11" Size="6 3 13" Bounciness="10000"/>

  </Object>
  <Object Name="ControllableShip" Base="Ship">
    <Script
    Script="hovercraft.lua"
      />
    <Body
      AngularDamping="2000"
      />
  </Object>

  <Object Name="Character">
    <Placement />
    <Renderable CastShadows="1" />
    <Skeleton />
    <Body Shape="Box" Weight="80" Size="0.8 1.8 0.8"/>
    <Shape Shape="Box" Size="0.8 1.8 0.8" />
  </Object>
  
  <Object Name="Robo" Base="Character">
    <Renderable Mesh="robot.mesh" Scale="0.05 0.05 0.05"/>
    <Body Shape="Box" Weight="80" Size="1.2 3 1.2"/>
    <Shape Shape="Box" Size="1.2 3 1.2" />
    <Script Script="robo.lua" />
	<Placement />
  </Object>

  <Object Name="PlaceableLight">
    <Placement />
    <Light />
  </Object>

  <Object Name="Wheel">
    <Placement />
    <!--<Renderable Mesh="ball.mesh" />-->
    <Body Shape="Box" Weight="30" Size="0.2 0.9 0.9" />
    <!--<Shape Shape="Ray" Length="3" Start="3 0 0" Direction="-1 0 0" />-->
    <!--<Shape Shape="Sphere" Size="1" Bounciness="1.0"/>-->
    <Shape Shape="Box" Size="1 1 1" />
  </Object>

  <Object Name="Ball">
    <Placement Position="20 10 -15" />
    <Renderable Mesh="ball.mesh" CastShadows="1" />
    <Body Shape="Sphere" Size="1" Weight="5" />
    <Shape Shape="Sphere" Size="1" Bounciness="1.0"/>
  </Object>

  <Object Name="ControllableBall" Base="Ball">
    <CameraController/>
    <!--<Joint Target="Ship1" Offset="0 -5 0" />-->
  </Object>

  <Object Name="Ground">
    <Renderable
      Mesh="Plane.mesh"
      />
    <Shape
      Shape="TriMesh"
      />
      
    <!--<Shape Shape="Box" Size="100 10 100" Bounciness="100000" />-->
    <Placement Position="0 0 0"/>
  </Object>

  <Object Name="Cam">
    <Camera FOV="90" />
    <Placement Position="0 20 0" />
    <!--<Body Shape="Box" Size="1 1 1" Weight="0.1" Gravity="0"/>-->
    <!--<Shape Shape="Box" Size="1 1 1" Bounciness="0.0"/>-->
    <CameraController Script="cameracontroller.lua"/>
  </Object>

  <Object Name="FPSUpdater">
    <Script Script="updateFPS.lua" />
  </Object>

  <Object Name="RandomSpawner">
    <Script Script="randomspawn.lua" />
  </Object>

  <Object Name="CameraChangeTrigger">
    <Placement />
    <Shape Shape="Box" Size="1 1 1" Ghost="1" />
    <CameraChange />
  </Object>
  
  <Object Name="ScriptedTrigger">
    <Placement />
    <Shape Shape="Box" Size="1 1 1" Ghost="1" />
    <Script />
  </Object>

  <Object Name="ResetTrigger" Base="ScriptedTrigger">
    <Script Script="resettrigger.lua" />
  </Object>

</Objects>

