<mesh>
	<submeshes>
		<submesh material="Material.001" usesharedvertices="false">
			<faces count="12">
				<face v1="0" v2="1" v3="2"/>
				<face v1="0" v2="2" v3="3"/>
				<face v1="4" v2="5" v3="6"/>
				<face v1="4" v2="6" v3="7"/>
				<face v1="8" v2="9" v3="10"/>
				<face v1="8" v2="10" v3="11"/>
				<face v1="12" v2="13" v3="14"/>
				<face v1="12" v2="14" v3="15"/>
				<face v1="16" v2="17" v3="18"/>
				<face v1="16" v2="18" v3="19"/>
				<face v1="20" v2="21" v3="22"/>
				<face v1="20" v2="22" v3="23"/>
			</faces>
			<geometry vertexcount="24">
				<vertexbuffer positions="true" normals="true" texture_coords="1" texture_coord_dimensions_0="2">
					<vertex>
						<position x="5.987057" y="5.987057" z="-4.979244"/>
						<normal x="0.000000" y="0.000000" z="1.000000"/>
						<texcoord u="0.333337" v="7.123456"/>
					</vertex>
					<vertex>
						<position x="-5.987056" y="5.987059" z="-4.979244"/>
						<normal x="0.000000" y="0.000000" z="1.000000"/>
						<texcoord u="13.580250" v="7.123456"/>
					</vertex>
					<vertex>
						<position x="-5.987059" y="-5.987057" z="-4.979244"/>
						<normal x="0.000000" y="0.000000" z="1.000000"/>
						<texcoord u="13.580250" v="-6.123456"/>
					</vertex>
					<vertex>
						<position x="5.987057" y="-5.987058" z="-4.979244"/>
						<normal x="0.000000" y="0.000000" z="1.000000"/>
						<texcoord u="0.333334" v="-6.123456"/>
					</vertex>
					<vertex>
						<position x="-5.987059" y="-5.987057" z="5.009239"/>
						<normal x="0.000000" y="0.000000" z="-1.000000"/>
						<texcoord u="0.333337" v="20.370373"/>
					</vertex>
					<vertex>
						<position x="-5.987056" y="5.987059" z="5.009239"/>
						<normal x="0.000000" y="0.000000" z="-1.000000"/>
						<texcoord u="13.580250" v="20.370373"/>
					</vertex>
					<vertex>
						<position x="5.987057" y="5.987057" z="5.009239"/>
						<normal x="0.000000" y="0.000000" z="-1.000000"/>
						<texcoord u="13.580250" v="7.123461"/>
					</vertex>
					<vertex>
						<position x="5.987057" y="-5.987058" z="5.009239"/>
						<normal x="0.000000" y="0.000000" z="-1.000000"/>
						<texcoord u="0.333337" v="7.123456"/>
					</vertex>
					<vertex>
						<position x="-5.987059" y="-5.999089" z="6.002055"/>
						<normal x="0.000000" y="1.000000" z="-0.000000"/>
						<texcoord u="0.333331" v="-6.123461"/>
					</vertex>
					<vertex>
						<position x="5.987057" y="-5.999089" z="6.002056"/>
						<normal x="0.000000" y="1.000000" z="-0.000000"/>
						<texcoord u="0.333331" v="-19.370373"/>
					</vertex>
					<vertex>
						<position x="5.987057" y="-5.999089" z="-5.972059"/>
						<normal x="0.000000" y="1.000000" z="-0.000000"/>
						<texcoord u="-12.913584" v="-19.370373"/>
					</vertex>
					<vertex>
						<position x="-5.987056" y="-5.999089" z="-5.972062"/>
						<normal x="0.000000" y="1.000000" z="-0.000000"/>
						<texcoord u="-12.913584" v="-6.123461"/>
					</vertex>
					<vertex>
						<position x="-5.987059" y="6.014087" z="6.002055"/>
						<normal x="-0.000000" y="-1.000000" z="0.000000"/>
						<texcoord u="0.333334" v="-19.370367"/>
					</vertex>
					<vertex>
						<position x="-5.987056" y="6.014087" z="-5.972062"/>
						<normal x="-0.000000" y="-1.000000" z="0.000000"/>
						<texcoord u="0.333334" v="-6.123456"/>
					</vertex>
					<vertex>
						<position x="5.987057" y="6.014087" z="-5.972059"/>
						<normal x="-0.000000" y="-1.000000" z="0.000000"/>
						<texcoord u="13.580245" v="-6.123456"/>
					</vertex>
					<vertex>
						<position x="5.987057" y="6.014087" z="6.002056"/>
						<normal x="-0.000000" y="-1.000000" z="0.000000"/>
						<texcoord u="13.580250" v="-19.370367"/>
					</vertex>
					<vertex>
						<position x="5.990441" y="5.987026" z="6.073088"/>
						<normal x="-1.000000" y="0.000000" z="0.000000"/>
						<texcoord u="-12.913584" v="20.370367"/>
					</vertex>
					<vertex>
						<position x="5.990440" y="5.987023" z="-5.901029"/>
						<normal x="-1.000000" y="0.000000" z="0.000000"/>
						<texcoord u="0.333334" v="20.370373"/>
					</vertex>
					<vertex>
						<position x="5.990440" y="-5.987089" z="-5.901026"/>
						<normal x="-1.000000" y="0.000000" z="0.000000"/>
						<texcoord u="0.333337" v="7.123462"/>
					</vertex>
					<vertex>
						<position x="5.990440" y="-5.987089" z="6.073089"/>
						<normal x="-1.000000" y="0.000000" z="0.000000"/>
						<texcoord u="-12.913577" v="7.123456"/>
					</vertex>
					<vertex>
						<position x="-5.990441" y="5.987026" z="6.073088"/>
						<normal x="1.000000" y="-0.000000" z="0.000000"/>
						<texcoord u="0.333334" v="-6.123458"/>
					</vertex>
					<vertex>
						<position x="-5.990442" y="-5.987089" z="6.073089"/>
						<normal x="1.000000" y="-0.000000" z="0.000000"/>
						<texcoord u="-12.913584" v="-6.123461"/>
					</vertex>
					<vertex>
						<position x="-5.990442" y="-5.987089" z="-5.901026"/>
						<normal x="1.000000" y="-0.000000" z="0.000000"/>
						<texcoord u="-12.913584" v="7.123452"/>
					</vertex>
					<vertex>
						<position x="-5.990442" y="5.987023" z="-5.901029"/>
						<normal x="1.000000" y="-0.000000" z="0.000000"/>
						<texcoord u="0.333328" v="7.123456"/>
					</vertex>
				</vertexbuffer>
			</geometry>
		</submesh>
	</submeshes>
</mesh>
