<mesh>
	<submeshes>
		<submesh material="whitebox" usesharedvertices="false">
			<faces count="12">
				<face v1="0" v2="1" v3="2"/>
				<face v1="0" v2="2" v3="3"/>
				<face v1="4" v2="5" v3="6"/>
				<face v1="4" v2="6" v3="7"/>
				<face v1="8" v2="9" v3="10"/>
				<face v1="8" v2="10" v3="11"/>
				<face v1="12" v2="13" v3="14"/>
				<face v1="12" v2="14" v3="15"/>
				<face v1="16" v2="17" v3="19"/>
				<face v1="17" v2="18" v3="19"/>
				<face v1="20" v2="21" v3="23"/>
				<face v1="21" v2="22" v3="23"/>
			</faces>
			<geometry vertexcount="24">
				<vertexbuffer positions="true" normals="true" texture_coords="1" texture_coord_dimensions_0="2">
					<vertex>
						<position x="299.352875" y="299.352844" z="-248.962219"/>
						<normal x="0.000000" y="0.000000" z="1.000000"/>
						<texcoord u="0.333352" v="29.188673"/>
					</vertex>
					<vertex>
						<position x="-299.352783" y="299.352966" z="-248.962219"/>
						<normal x="0.000000" y="0.000000" z="1.000000"/>
						<texcoord u="57.710716" v="29.188673"/>
					</vertex>
					<vertex>
						<position x="-299.352966" y="-299.352875" z="-248.962219"/>
						<normal x="0.000000" y="0.000000" z="1.000000"/>
						<texcoord u="57.710716" v="-28.188673"/>
					</vertex>
					<vertex>
						<position x="299.352875" y="-299.352905" z="-248.962219"/>
						<normal x="0.000000" y="0.000000" z="1.000000"/>
						<texcoord u="0.333336" v="-28.188673"/>
					</vertex>
					<vertex>
						<position x="-299.352966" y="-299.352875" z="250.461960"/>
						<normal x="0.000000" y="0.000000" z="-1.000000"/>
						<texcoord u="0.333352" v="86.566055"/>
					</vertex>
					<vertex>
						<position x="-299.352783" y="299.352966" z="250.461960"/>
						<normal x="0.000000" y="0.000000" z="-1.000000"/>
						<texcoord u="57.710716" v="86.566055"/>
					</vertex>
					<vertex>
						<position x="299.352875" y="299.352844" z="250.461960"/>
						<normal x="0.000000" y="0.000000" z="-1.000000"/>
						<texcoord u="57.710716" v="29.188700"/>
					</vertex>
					<vertex>
						<position x="299.352875" y="-299.352905" z="250.461960"/>
						<normal x="0.000000" y="0.000000" z="-1.000000"/>
						<texcoord u="0.333352" v="29.188673"/>
					</vertex>
					<vertex>
						<position x="-299.352966" y="-299.954437" z="300.102722"/>
						<normal x="0.000000" y="1.000000" z="-0.000000"/>
						<texcoord u="0.333326" v="-28.188700"/>
					</vertex>
					<vertex>
						<position x="299.352875" y="-299.954437" z="300.102783"/>
						<normal x="0.000000" y="1.000000" z="-0.000000"/>
						<texcoord u="0.333326" v="-85.566055"/>
					</vertex>
					<vertex>
						<position x="299.352875" y="-299.954468" z="-298.602966"/>
						<normal x="0.000000" y="1.000000" z="-0.000000"/>
						<texcoord u="-57.044044" v="-85.566055"/>
					</vertex>
					<vertex>
						<position x="-299.352783" y="-299.954468" z="-298.603088"/>
						<normal x="0.000000" y="1.000000" z="-0.000000"/>
						<texcoord u="-57.044044" v="-28.188700"/>
					</vertex>
					<vertex>
						<position x="-299.352966" y="300.704346" z="300.102722"/>
						<normal x="0.000000" y="-1.000000" z="0.000000"/>
						<texcoord u="0.333336" v="-85.566032"/>
					</vertex>
					<vertex>
						<position x="-299.352783" y="300.704346" z="-298.603088"/>
						<normal x="0.000000" y="-1.000000" z="0.000000"/>
						<texcoord u="0.333336" v="-28.188673"/>
					</vertex>
					<vertex>
						<position x="299.352875" y="300.704346" z="-298.602966"/>
						<normal x="0.000000" y="-1.000000" z="0.000000"/>
						<texcoord u="57.710697" v="-28.188673"/>
					</vertex>
					<vertex>
						<position x="299.352875" y="300.704346" z="300.102783"/>
						<normal x="0.000000" y="-1.000000" z="0.000000"/>
						<texcoord u="57.710716" v="-85.566032"/>
					</vertex>
					<vertex>
						<position x="299.522034" y="299.351318" z="303.654388"/>
						<normal x="-1.000000" y="0.000000" z="0.000000"/>
						<texcoord u="-57.044044" v="86.566032"/>
					</vertex>
					<vertex>
						<position x="299.522003" y="299.351166" z="-295.051422"/>
						<normal x="-1.000000" y="0.000000" z="0.000000"/>
						<texcoord u="0.333336" v="86.566055"/>
					</vertex>
					<vertex>
						<position x="299.522003" y="-299.354462" z="-295.051300"/>
						<normal x="-1.000000" y="0.000000" z="0.000000"/>
						<texcoord u="0.333352" v="29.188705"/>
					</vertex>
					<vertex>
						<position x="299.522003" y="-299.354462" z="303.654419"/>
						<normal x="-1.000000" y="0.000000" z="0.000000"/>
						<texcoord u="-57.044018" v="29.188673"/>
					</vertex>
					<vertex>
						<position x="-299.522034" y="299.351318" z="303.654388"/>
						<normal x="1.000000" y="-0.000000" z="0.000000"/>
						<texcoord u="0.333336" v="-28.188690"/>
					</vertex>
					<vertex>
						<position x="-299.522095" y="-299.354462" z="303.654419"/>
						<normal x="1.000000" y="-0.000000" z="0.000000"/>
						<texcoord u="-57.044044" v="-28.188700"/>
					</vertex>
					<vertex>
						<position x="-299.522095" y="-299.354462" z="-295.051300"/>
						<normal x="1.000000" y="-0.000000" z="0.000000"/>
						<texcoord u="-57.044044" v="29.188662"/>
					</vertex>
					<vertex>
						<position x="-299.522095" y="299.351166" z="-295.051422"/>
						<normal x="1.000000" y="-0.000000" z="0.000000"/>
						<texcoord u="0.333310" v="29.188673"/>
					</vertex>
				</vertexbuffer>
			</geometry>
		</submesh>
	</submeshes>
</mesh>
